guide	offt	modFreq	MIT	hsu	cfd
GAGTCCGAGCAGAAGAAGAAGGG	ACGTCTGAGCAGAAGAAGAATGG	0.001718713	1.4680715198	0.00205201691266	0.656632653603
GAGTCCGAGCAGAAGAAGAAGGG	AAGTCAGAGGAGAAGAAGAAGGG	0.0047	1.48901476793	0.007261955129	0.325000000243
GAGTCCGAGCAGAAGAAGAAGGG	GAGTCCTAGCAGGAGAAGAAGAG	0.0274066748244	1.76834471831	0.0118305194817	0.0966183573124
GAGTCCGAGCAGAAGAAGAAGGG	AAGTCTGAGCACAAGAAGAATGG	0.0234013605442	0.837857777778	0.0	0.44243697524
GAGTCCGAGCAGAAGAAGAAGGG	GAGTTAGAGCAGAAGAAGAAAGG	0.201367819367	3.15796703297	0.00134866705654	0.590909090844
GAGTCCGAGCAGAAGAAGAAGGG	GAGTAGGAGCAGGAGAAGAAGGA	0.00181034916271	0.62567721519	0.000365148591478	0.0129399584987
GAGTCCGAGCAGAAGAAGAAGGG	AAGTCAGAGCAGAAAAAGAGAGG	0.00906850830581	0.113084086268	0.0101809481631	0.601482946383
GAGTCCGAGCAGAAGAAGAAGGG	GAGTCCAAGCAGTAGAGGAAGGG	0.001466994	0.286445646667	0.0064528303936	0.0529411764
GAGTCCGAGCAGAAGAAGAAGGG	AAGCCCGAGCAAAGGAAGAAAGG	0.0477395779204	0.110193987342	0.00766033444978	0.253647059099
GAGTCCGAGCAGAAGAAGAAGGG	AAGTCCGAGGAGAGGAAGAAAGG	0.0019109241162	0.408036150235	0.090897389114	0.163333333497
GAGTCCGAGCAGAAGAAGAAGGG	GAGTCTAAGCAGAAGAAGAAGAG	0.131065759637	2.15689148352	0.00121195867625	0.240740740611
GAGTCCGAGCAGAAGAAGAAGGG	GAGGCCGAGCAGAAGAAAGACGG	0.0245892	0.194537313433	0.00233165403016	0.162259615312
GAGTCCGAGCAGAAGAAGAAGGG	GAATCCAAGCAGGAGAAGAAGGA	0.00607709750567	0.733598461333	0.00206582523576	0.0339673910847
GAGTCCGAGCAGAAGAAGAAGGG	GAGTCCGGGAAGGAGAAGAAAGG	0.0135943812126	0.864893103448	0.00182109927143	0.414492753567
GAGTCCGAGCAGAAGAAGAAGGG	GAGCCGGAGCAGAAGAAGGAGGG	0.0104095076856	0.600485074627	0.00126456825416	0.1213235295
GAGTCCGAGCAGAAGAAGAAGGG	GAATCCAAGCAGAAGAAGAGAAG	0.0013	0.941031617989	0.00564512310737	0.14869281024
TGGATGGAGGAATGAGGAGTTGG	TCCATGGAGGAATGAGGAGAGGG	0.0027	1.47120112994	0.0	0.149778106592
TGGATGGAGGAATGAGGAGTTGG	GCGATGGAGGAATGAAGAGTTGG	0.004	0.541956882255	0.0	0.662207357475
TGGATGGAGGAATGAGGAGTTGG	TGGATGGAGGGATGAGGAGTGGG	0.0627	55.5	0.463447372396	0.65
TGGATGGAGGAATGAGGAGTTGG	GGGAGGGAGGAATGAGGAGTGGG	0.0714	6.01265822785	0.0858132728107	0.61217391296
TGGATGGAGGAATGAGGAGTTGG	CGGACGGAGGAATGGGGAGTGGG	0.0124	0.844444444444	0.0634219027626	0.55714285705
TGGATGGAGGAATGAGGAGTTGG	TGGATGGAAGAATGAGGGGTGGG	0.006	0.964137288136	0.157931750966	0.2571428572
TGGATGGAGGAATGAGGAGTTGG	ACGATGGAGGAATGAGGACTTGG	0.0058	1.12711864407	0.0	0.310344827401
TGGATGGAGGAATGAGGAGTTGG	AGGAGGGAGGAATGGGGAGTTGG	0.0333	0.844444444444	0.0260636910128	0.416
TGGATGGAGGAATGAGGAGTTGG	GGGATGGAGGGATGAGGAGTGGG	0.0646	4.79318181818	0.463447372396	0.62173913035
AACACCAGTGAGTAGAGCGGAGG	AACACCAGCGAGTAGAGCGGAGG	0.42731	61.1	0.276567023681	0.923076923
AACACCAGTGAGTAGAGCGGAGG	TACTCCAGTGAGTAGAGAGGCGG	0.00116	0.656790123457	0.054259122163	0.342657342168
GACCCCCTCCACCCCGCCTCCGG	CTCCCCACCCACCCCGCCTCAGG	0.691	0.932255747126	9.16453603897e-05	0.389610389308
CCAGTGAGTAGAGCGGAGGCAGG	CCAGCGAGTAGAGCGGAGGCAGG	0.02755	100.0	0.208813135533	1.0
GGGTGGGGGGAGTTTGCTCCAGG	AGCTGGAGGGAGTTTGCCCCAGG	0.0026	0.208990259333	0.0	0.148351648648
GGGTGGGGGGAGTTTGCTCCAGG	TTGGGGGGGCAGTTTGCTCCTGG	0.0719	1.31769578313	0.0	0.159090909
GGGTGGGGGGAGTTTGCTCCAGG	GGGTGGGTGGAGTTTGCTACTGG	0.003	2.93382352941	0.0195212149569	0.267857143125
GACATCGATGTCCTCCCCATTGG	CACATAGGTGTCCTCCCCATAGG	0.00178971	1.53882195448	0.0011758735094	0.486394557632
CCTGCCTCCGCTCTACTCACTGG	CCTGCCTCCGCTCTACTCGCTGG	0.01637	31.5	0.800132337198	0.375
ATGAACACCAGTGAGTAGAGCGG	ATGAACACCAGCGAGTAGAGCGG	0.29448	49.2	0.617200265487	0.947368421
GGTGAGTGAGTGTGTGCGTGTGG	GGTGAGTAAGTGTGAGCGTAAGG	0.00144117390165	0.332294835681	0.00792845855354	0.5427631575
GGTGAGTGAGTGTGTGCGTGTGG	GATGAGTGTGTGTGTGTGTGAGG	0.001266486156	0.741204809287	0.0149127674141	0.236923077049
GGTGAGTGAGTGTGTGCGTGTGG	AGTGAGTATGTGTGTGTGTGGGG	0.00179054939296	0.372455416667	0.00122884814219	0.25200000018
GGTGAGTGAGTGTGTGCGTGTGG	AGTGAGTGAGTGTGTGTGTGGGG	0.136474801293	5.89919354839	1.158572718	0.4200000003
GGTGAGTGAGTGTGTGCGTGTGG	GGTGAATGAGTGTGTGCTCTGGG	0.00113547034676	0.0234134052294	0.00138821305585	0.128735632264
GGTGAGTGAGTGTGTGCGTGTGG	CTGGAGTGAGTGTGTGTGTGTGG	0.00842868372784	0.601049166667	0.000605243430229	0.106060606033
GGTGAGTGAGTGTGTGCGTGTGG	AGCGAGTGGGTGTGTGCGTGGGG	0.0345008297668	1.60991195499	0.0211847655933	0.257142857529
GGTGAGTGAGTGTGTGCGTGTGG	GTTGAGTGAATGTGTGCGTGAGG	0.0627565726264	6.94404761905	0.0191096773381	0.593939393388
GGTGAGTGAGTGTGTGCGTGTGG	AGCGAGTGAGTGTGTGTGTGGGG	0.00650711852564	1.2720617284	0.178813927553	0.180000000309
GGTGAGTGAGTGTGTGCGTGTGG	GGTGAGTGTGTGTGTGCATGTGG	0.00144117390165	0.964137288136	0.0934798629744	0.4153846152
GGTGAGTGAGTGTGTGCGTGTGG	GCTGAGTGAGTGTATGCGTGTGG	0.0872128570181	1.50585106383	0.0	0.519230769
GGTGAGTGAGTGTGTGCGTGTGG	CATGAGTGAGTGTGTGGGTGGGG	0.00196523713861	1.29012345679	0.110772402596	0.035552682342
GGTGAGTGAGTGTGTGCGTGTGG	GGTGAGTGAGTGTGTGTGTGAGG	0.00869071534632	38.5	1.158572718	0.466666667
GGTGAGTGAGTGTGTGCGTGTGG	AGGGAGTGACTGTGTGCGTGTGG	0.00104812647393	2.42672489451	0.0	0.18
GGTGAGTGAGTGTGTGCGTGTGG	GGTGTGTGAGTGTGTGTGTGTGG	0.00502227268757	3.89095744681	0.11055044052	0.169696969988
GGTGAGTGAGTGTGTGCGTGTGG	AGAGAGTGAGTGTGTGCATGAGG	0.111756485283	0.647595061728	0.115517928998	0.445054944679
GGTGAGTGAGTGTGTGCGTGTGG	TGTGGGTGAGCATGTGCGTGAGG	0.00362477072233	0.390673192771	0.00289262463674	0.448000000064
GGTGAGTGAGTGTGTGCGTGTGG	AGTGTGTGAGTGTGTGCGTGTGG	0.0299589483798	6.01265822785	0.143129264313	0.3272727276
GGTGAGTGAGTGTGTGCGTGTGG	TGTGAGTGAGTGTGTGTGTGTGA	0.00161586164731	5.89919354839	1.158572718	0.0324074072231
GGTGAGTGAGTGTGTGCGTGTGG	GGAGAGTGAGTGTGTGTGTGAGA	0.00152851777448	4.62345512821	0.126657941637	0.0231481480073
GGTGAGTGAGTGTGTGCGTGTGG	CGCGAGTGAGTGTGTGCGCGGGG	0.00938946632894	1.11133898305	0.121873646904	0.0844475721935
GGTGAGTGAGTGTGTGCGTGTGG	GGTGAGTCAGTGTGTGAGTGAGG	0.00532797624247	3.09957627119	0.0	0.287179487205
GGTGAGTGAGTGTGTGCGTGTGG	GATGAGTGAGTGAGTGAGTGGGG	0.00161586164731	0.469470149254	0.00535779652588	0.273372781089
GGTGAGTGAGTGTGTGCGTGTGG	TGTGAGTGAGTGTGTGTATGGGG	0.00449820945061	0.252864197531	0.063478672358	0.323076923164
GGTGAGTGAGTGTGTGCGTGTGG	GTAGAGTGAGTGTGTGTGTGTGG	0.00358109878592	1.19611774461	0.00104319264535	0.212121212067
GGTGAGTGAGTGTGTGCGTGTGG	AGTGAGTGAGTGAGTGAGTGGGG	0.00139750196524	0.499277777778	0.0306865330273	0.290769230848
GGTGAGTGAGTGTGTGCGTGTGG	AGTGAATGAGTGTGTGTGTGTGG	0.057428596384	0.780524691358	0.0702360303332	0.4200000003
GGTGAGTGAGTGTGTGCGTGTGG	GGTGAGTGAGTGCGTGCGGGTGG	0.067036422395	0.815561619718	0.03367494944	0.197368421
GGTGAGTGAGTGTGTGCGTGTGG	TGTGAGTGAGTGAGTGAATGTGG	0.0018	0.046238115	0.00756597454358	0.223668639014
GGTGAGTGAGTGTGTGCGTGTGG	GGTGGATGAGTGTGTGTGTGGGG	0.00266398812123	0.692578247261	0.00154399928472	0.33600000024
GGTGAGTGAGTGTGTGCGTGTGG	TGTGGGTGAGTGTGTGCGTGAGA	0.028081055114	6.01265822785	0.241813098653	0.04999999968
GGTGAGTGAGTGTGTGCGTGTGG	TGTGGGTGAGTGTGTGCGTGAGG	0.0960782601101	6.01265822785	0.241813098653	0.72
GGTGAGTGAGTGTGTGCGTGTGG	TGTGAGTAAGTGTGTGTGTGTGG	0.051096165604	1.29012345679	0.0583404408381	0.466666667
GGTGAGTGAGTGTGTGCGTGTGG	AGTGAGTGAGTGAGTGAGTGAGG	0.00423617783213	0.499277777778	0.0306865330273	0.290769230848
GGTGAGTGAGTGTGTGCGTGTGG	ACTGTGTGAGTGTGTGCGTGAGG	0.0347628613853	2.42656449553	0.0	0.226573426699
GGTGAGTGAGTGTGTGCGTGTGG	TGTGAGTGAGTGTGTGCGTGTGA	0.00218359682068	100.0	1.0	0.069444444
AAATGAGAAGAAGAGGCACAGGG	AAACGAGAAGAAGAGGCATAGGG	0.01824	4.275	0.109520183165	0.298642534452
GGCACTGCGGCTGGAGGTGGGGG	GGAACTGGGGCTGGGGGTGGGGG	0.002	0.785713928013	0.0023372462271	0.362142857363
GTCACCTCCAATGACTAGGGTGG	GCTACCTCCAGTGACTAGGGAAG	0.029040975	1.46235864979	0.00150398351248	0.0993055554397
AATGACCACTACATCCTCAAGGG	AATGACCACAGCATCCTCAGTGG	0.00166	0.59998238	0.00878310537239	0.4260504199
CCCTGTGTCTCTGGATGGATGGG	CCCTGTGTCTCTGGGTGGAAGAG	0.0051	0.707788	0.10458132031	0.0947916665719
GTCATCTTAGTCATTACCTGAGG	GGTATCTAAGTCATTACCTGTGG	0.0024	2.50789825971	0.000109135626893	0.462
GAACACAAAGCATAGACTGCGGG	GAACACAATGCATAGATTGCCGG	0.0558375634518	1.77359722222	0.0976139303475	0.2800000002
GCCTCTTTCCCACCCACCTTGGG	TTCTCTTCCCCACCCACCTTTGA	0.0185425158448	2.54350736278	0.0113362012981	0.063131312721
GCCTCTTTCCCACCCACCTTGGG	GTCTCTTTCCCATCCACCTTTGA	0.0141601677544	3.60441176471	0.0940673816928	0.0441919189047
GCCTCTTTCCCACCCACCTTGGG	TCCTCTCTCCCACCCACCTCCGG	0.0946917041679	1.01909774011	0.105063477434	0.0625000000625
GCCTCTTTCCCACCCACCTTGGG	TCCTCCTCCCCACCCACCTTCAG	0.174516410244	1.53882195448	0.00146079707227	0.235690235431
GCCTCTTTCCCACCCACCTTGGG	TCCTCTTCTCCACCCACCATAGG	0.0181184176425	0.321904489437	0.00127681931685	0.25000000025
GCCTCTTTCCCACCCACCTTGGG	GCCCCTCCCCCACCCACCCTGGG	0.00459439719153	0.34064625	8.58764168478e-05	0.122718052843
GCCTCTTTCCCACCCACCTTGGG	ACCTCTTCCCTCCCCACCTTTGG	0.00313361449473	0.390673192771	0.000642284203344	0.0728744940729
GCCTCTTTCCCACCCACCTTGGG	GTGTATTCCCCACCCACCTTGGG	0.00181419786537	1.34583333333	5.25570477687e-05	0.259740259519
GCCTCTTTCCCACCCACCTTGGG	TCCTCTTCTCCACCCACCTCTGG	0.0532950074217	0.426140228873	0.00253647230944	0.079545454625
GCCTCTTTCCCACCCACCTTGGG	GCCCCTTACCCATCCACCCTGGG	0.00141366067432	0.19301625	0.000850318993493	0.0999594321339
GCCTCTTTCCCACCCACCTTGGG	GCTTCTTCCCCACCCACACTTGG	0.00664420516929	0.09638643	0.00101710546591	0.10212201584
GCCTCTTTCCCACCCACCTTGGG	GCCCCTGCCCCACCCACCTGTGG	0.00129585561812	0.45095075	2.04079312201e-05	0.0671687359524
GCCTCTTTCCCACCCACCTTGGG	ACGTCTTCCCCACCCACCTGGGG	0.0585255519167	0.687682922535	0.00245736705275	0.0794117646
GCCTCTTTCCCACCCACCTTGGG	GCCTCTTCCACACCCACCCTGGG	0.0351059067455	0.81662	0.00263716728822	0.239080459892
GCCTCTTTCCCACCCACCTTGGG	ACCTCCTTCCCGCCCACCTGGGG	0.00808142685484	0.207602128521	0.0108325655349	0.104278074685
GCCTCTTTCCCACCCACCTTGGG	ACCTCTTTCCATCCCACCTTGGG	0.0026859552812	0.768613333333	0.0065380968459	0.224999999775
GCCTCTTTCCCACCCACCTTGGG	GTCTCTTTCTCACCCACTTTGGG	0.0450957755107	0.604903703704	0.136763879846	0.550038197405
GCCTCTTTCCCACCCACCTTGGG	ACCCCTTCCCCACCTACCTTGGG	0.18184388474	0.402848101266	0.00230542602083	0.0388235296341
GCCTCTTTCCCACCCACCTTGGG	GACTCTTTTCCACCCACCCTAGG	0.0032985415734	0.644944444444	0.0152057237927	0.175548589298
GCCTCTTTCCCACCCACCTTGGG	CACCCTTTCCCATCCACCTTTGG	0.0413966967462	0.581724683544	0.00104686741485	0.235294117636
GCCTCTTTCCCACCCACCTTGGG	ACTTCCTTCCCACCCACCTTCAG	0.0564993049502	1.44751851852	0.00553148824949	0.145833333173
GCCTCTTTCCCACCCACCTTGGG	CCCTCCTTCCCACCCACTTTGGG	0.0953278514714	0.397358024691	0.126146809576	0.417439703038
GGGAAAGACCCAGCATCCGTGGG	GGGAAAAGCCCAGCATCCCTTGG	0.0826317430621	0.639711267606	0.0	0.328735631984
GGGAAAGACCCAGCATCCGTGGG	GGGAAGGACCCAGCATCCTGGGG	0.0361708762083	0.250402276119	0.00116357870118	0.0840336133417
GGGAAAGACCCAGCATCCGTGGG	GGAAAAGACCAAGCATCAGTGGG	0.00187090739008	0.337957631841	0.0147163777454	0.302884615125
GGGAAAGACCCAGCATCCGTGGG	ATGAAAGACCCAGCATCCATTGA	0.00124727159339	1.12711864407	0.0655928649935	0.0284090906997
GGGAAAGACCCAGCATCCGTGGG	GGGAAATACCCAGCATCCAATGG	0.0115372622389	0.266759598592	0.00198500469213	0.229591836471
GGGAAAGACCCAGCATCCGTGGG	GGGAAAGTCCCAGCATCCTTTGG	0.243529778609	2.93382352941	0.0192499124505	0.285714286143
GGGAAAGACCCAGCATCCGTGGG	GAGAAAAGCCCAGCATCCTTAGG	0.00218272528843	0.34064625	6.7331057479e-05	0.413675213619
GGAATCCCTTCTGCAGCACCTGG	AGAGGCCCCTCTGCAGCACCAGG	0.0188111361926	0.833979885057	0.000197608428047	0.33230769228
GGAATCCCTTCTGCAGCACCTGG	ACCATCCCTCCTGCAGCACCAGG	0.0156759468272	1.29924804217	0.0	0.142417582408
GGAATCCCTTCTGCAGCACCTGG	GGATTGCCATCCGCAGCACCTGG	0.0126661650364	0.248242452586	0.000130981108121	0.279904306174
GGAATCCCTTCTGCAGCACCTGG	GGAACCCCGTCTGCAGCACCAGG	0.263230499122	3.67373417722	0.00527402698969	0.619047619
GGAATCCCTTCTGCAGCACCTGG	GGAGTCCCTCCTACAGCACCAGG	0.00965638324555	0.95247721519	0.0033138995738	0.307692307474
GGAATCCCTTCTGCAGCACCTGG	TGAATCCCATCTCCAGCACCAGG	0.00978179082017	0.70308028169	0.0	0.39097744418
GACACCGAAGCAGAGTTTTTAGG	GACACTGAAGCAGTGATTTTAGG	0.001	0.0436435348148	0.00290197662475	0.450216450098
GACACCGAAGCAGAGTTTTTAGG	GACACCGAAGCAGGGTTTTCAGG	0.00169	0.415678521127	0.320872959268	0.042424242497
GACACCGAAGCAGAGTTTTTAGG	GACAACAAAGTAGAGTTTTTAGG	0.00213	0.964154618474	0.00123727577873	0.175824175868
GACACCGAAGCAGAGTTTTTAGG	CACACCGAAGCTGGGTTTTTAGG	0.00215	0.21797370892	0.0465411396341	0.111111111035
GACACCGAAGCAGAGTTTTTAGG	GAGACAGAAGGAGAGTTTTTAGG	0.00212	0.884726983122	0.000976575618532	0.116071428625
GACACCGAAGCAGAGTTTTTAGG	GACAATAAAGCAGAGTTTTTTGG	0.00697	0.958618437118	0.000175911542235	0.530612244745
GACTTGTTTTCATTGTTCTCAGG	CATTTGTTTTCATTGTTCTCTGG	0.114413257506	5.38333333333	0.29164666	0.491071428375
GACTTGTTTTCATTGTTCTCAGG	TCCTTGTTTTCATTGTTCTCTGG	0.885586742494	5.21978021978	0.0552106320987	0.785714286
GGGTGGGGGGAGTTTGCTCCTGG	GGATGGAGGGAGTTTGCTCCTGG	0.02824	4.04915253165	0.00501394805199	0.75
GGGTGGGGGGAGTTTGCTCCTGG	GGGCAAGGGGAGGTTGCTCCTGG	0.00126525079078	0.334982304217	1.89832918083e-05	0.146291560143
GGGTGGGGGGAGTTTGCTCCTGG	GCGTGGGGGGTGTTTGCTCCCGG	0.0164855783172	4.46822033898	0.0	0.213017751598
GGGTGGGGGGAGTTTGCTCCTGG	AGCTGGAGGGAGTTTGCCCCAGG	0.00428983232981	0.208990259333	0.0	0.148351648648
GGGTGGGGGGAGTTTGCTCCTGG	CGGGGGAGGGAGTTTGCTCCTGG	0.0338906461817	1.73721552878	0.00115620831083	0.44642857125
GGGTGGGGGGAGTTTGCTCCTGG	GGGGAGGGGGAGGGTGCTCCAGG	0.00295938731301	0.0824997740964	2.76317971824e-05	0.0
GGGTGGGGGGAGTTTGCTCCTGG	GGGGAGGGGAAGTTTGCTCCTGG	0.00151	2.34257028112	0.000200557565215	0.505555555569
GGGTGGGGGGAGTTTGCTCCTGG	GAGTGGGTGGAGTTTGCTACAGG	0.00216900135563	1.05555555556	0.00185910449413	0.226648351834
GGGTGGGGGGAGTTTGCTCCTGG	GGTGGGGGTGGGTTTGCTCCTGG	0.00451875282422	0.4563788125	2.49087844346e-05	0.108333333266
GGGTGGGGGGAGTTTGCTCCTGG	GGGAGGGTGGAGTTTGCTCCTGG	0.0539539087212	6.01265822785	0.00135493296225	0.2976190475
GGGTGGGGGGAGTTTGCTCCTGG	AGGTGGTGGGAGCTTGTTCCTGG	0.00144600090375	0.16112567625	0.00789066936736	0.189473684153
GGGTGGGGGGAGTTTGCTCCTGG	GGGGGCGGGGAGGTTGCCCCGGG	0.00129633104201	0.0689809129747	0.0	0.0476425748371
GGGTGGGGGGAGTTTGCTCCTGG	GAGGGTGGGGAGTTTACTCCTGG	0.00402544902519	0.156419303797	2.21674268641e-05	0.352564102676
GGGTGGGGGGAGTTTGCTCCTGG	AGGTCGGGGGAGTTAGATCCCGG	0.00312142869326	0.163368333333	0.0	0.191052631646
GGGTGGGGGGAGTTTGCTCCTGG	GAGGGGGAGCAGTTTGCTCCAGG	0.00424762765477	1.25711206897	0.0	0.2115384615
GGGTGGGGGGAGTTTGCTCCTGG	GTGGGGGTAGAGTTTGCTCCAGG	0.0217803886127	0.833979885057	5.46341448083e-06	0.159801136308
GGGTGGGGGGAGTTTGCTCCTGG	GGGAGGGGGCAGGTTGCTCCAGG	0.00220035137394	0.95247721519	0.0	0.0496894409325
GGGTGGGGGGAGTTTGCTCCTGG	GGAGGAGGGGAGTCTGCTCCAGG	0.0052417532761	0.127166899849	4.335161382e-05	0.133928571563
GGGTGGGGGGAGTTTGCTCCTGG	GGTTGAGGGGAGTCTGCTCCAGG	0.010063622563	0.250189100741	0.00161491812291	0.142857143
GGGTGGGGGGAGTTTGCTCCTGG	GGGAGGGGAGAGTTTGTTCCAGG	0.00288263086974	0.699446791862	0.00711268570238	0.142857142934
GGGTGGGGGGAGTTTGCTCCTGG	GGGTGGGTGGAGTTTGCTACTGG	0.00887816193904	2.93382352941	0.0195212149569	0.267857143125
GGGTGGGGGGAGTTTGCTCCTGG	GGGTGGGGGGAGTTTGCCCCAGG	0.00168	19.6	1.13134952754	0.428571429
GGGTGGGGGGAGTTTGCTCCTGG	TAGTGGAGGGAGCTTGCTCCTGG	0.0016	0.397317958861	0.00225069796764	0.668016194032
GGGTGGGGGGAGTTTGCTCCTGG	GGGGGTGGGGACTTTGCTCCAGG	0.00737714704829	0.795434599156	0.0	0.220588235527
GCCTCCCCAAAGCCTGGCCAGGG	TCCTCCCCACAGCCTGGCCAGGG	0.1156	7.41483050847	0.117912561363	0.333333333
GCCTCCCCAAAGCCTGGCCAGGG	TTCTCCCCAAAGCCTGGCCACAG	0.001	5.21978021978	0.294369386	0.235690235431
GCCTCCCCAAAGCCTGGCCAGGG	ACCTCCCCATAGCCTGGCCAGGG	0.1714	7.41483050847	0.293201459219	0.7941176469
GGCCCAGACTGAGCACGTGATGG	AGCTCAGACTGAGCAAGTGAGGG	0.0476357267951	0.541956882255	0.0331586038872	0.72
GGCCCAGACTGAGCACGTGATGG	GGCTCAGACTGAGCACCTGAGAG	0.0011	4.25290697674	0.0	0.0488017429438
GGCCCAGACTGAGCACGTGATGG	GACACAGACCGGGCACGTGAGGG	0.107180385289	0.648306325301	0.000533567422926	0.274463937264
GGCCCAGACTGAGCACGTGATGG	AGACCAGACTGAGCAAGAGAGGG	0.00350262697023	0.0526300506667	0.00321150424848	0.52000000046
GGCCCAGACTGAGCACGTGATGG	CACCCAGACTGAGCACGTGCTGG	0.114535901926	1.49209039548	0.0467923160709	0.137362637118
CTTGCCCCACAGGGCAGTAACGG	TCAGCCCCACAGGGCAGTAAGGG	0.00767	2.28742368742	0.00156400897788	0.612244897612
